{"cameraMode":{"drawMode":0,"name":"Shaded","section":"Shading Mode"},"sceneLighting":true,"audioPlay":false,"sceneViewState":{"showFog":true,"showMaterialUpdate":false,"showSkybox":true,"showFlares":true,"showImageEffects":true,"showParticleSystems":true},"in2DMode":false,"pivot":{"x":3.890089511871338,"y":3.3222439289093019,"z":2.1909267902374269},"rotation":{"x":-0.0495503693819046,"y":0.9493438601493836,"z":-0.24170958995819093,"w":-0.19461575150489808},"size":1.8960621356964112,"orthographic":false}